Datetime,COMED_MW,FE_MW,DEOK_MW,PJMW_MW
2012-01-01,9874.826086956522,6572.521739130435,2629.913043478261,4910.695652173913
2012-01-02,11217.833333333334,7533.041666666667,3179.875,5857.791666666667
2012-01-03,12487.833333333334,8889.125,3503.375,6965.708333333333
2012-01-04,12119.541666666666,8903.041666666666,3470.5416666666665,7296.583333333333
2012-01-05,11694.0,8425.541666666666,3210.125,6425.333333333333
2012-01-06,11097.083333333334,7880.833333333333,2978.4166666666665,5837.375
2012-01-07,10237.458333333334,7018.25,2701.0833333333335,5174.75
2012-01-08,10038.375,6913.333333333333,2766.9166666666665,5349.75
2012-01-09,11520.125,8092.25,3010.6666666666665,6216.375
2012-01-10,11341.708333333334,8116.416666666667,3039.1666666666665,6099.333333333333
2012-01-11,11225.083333333334,8187.416666666667,3070.1666666666665,6329.875
2012-01-12,11906.75,8124.833333333333,3165.25,5778.416666666667
2012-01-13,12505.125,8946.583333333334,3756.8333333333335,6612.625
2012-01-14,11546.458333333334,8159.125,3318.7083333333335,6516.833333333333
2012-01-15,10969.166666666666,7660.0,3155.0833333333335,6340.5
2012-01-16,11643.291666666666,8411.25,3249.75,6759.25
2012-01-17,12054.791666666666,8119.625,2995.0,5946.5
2012-01-18,12655.416666666666,8710.458333333334,3321.5416666666665,6320.333333333333
2012-01-19,12867.875,9062.083333333334,3447.7083333333335,6864.25
2012-01-20,13250.916666666666,9025.458333333334,3622.5416666666665,6716.375
2012-01-21,11651.833333333334,8102.625,3400.9583333333335,6351.166666666667
2012-01-22,11147.208333333334,7613.291666666667,3171.375,6120.041666666667
2012-01-23,11948.375,8067.833333333333,3031.5416666666665,6184.666666666667
2012-01-24,12041.458333333334,8562.041666666666,3253.25,5846.375
2012-01-25,12116.708333333334,8523.75,3349.125,5989.291666666667
2012-01-26,11872.291666666666,8419.916666666666,3206.0,5992.583333333333
2012-01-27,11433.75,8206.708333333334,3193.125,5679.583333333333
2012-01-28,10768.625,7673.916666666667,2959.5,5594.666666666667
2012-01-29,10527.458333333334,7453.583333333333,2986.9166666666665,5674.25
2012-01-30,11745.416666666666,8515.666666666666,3175.8333333333335,6214.791666666667
2012-01-31,11138.208333333334,7898.75,2938.9166666666665,5658.375
2012-02-01,11136.375,7650.375,2830.75,5282.541666666667
2012-02-02,11331.166666666666,8088.5,2866.5,5605.083333333333
2012-02-03,11390.458333333334,7900.666666666667,2982.5416666666665,5784.666666666667
2012-02-04,10394.708333333334,7290.083333333333,2834.2916666666665,5759.25
2012-02-05,9858.041666666666,6891.791666666667,2721.4583333333335,5460.916666666667
2012-02-06,11645.416666666666,7953.458333333333,3091.75,6064.125
2012-02-07,11979.791666666666,8366.625,3216.5,5950.5
2012-02-08,11863.041666666666,8482.833333333334,3271.4166666666665,6354.791666666667
2012-02-09,11977.625,8451.5,3292.4166666666665,6269.458333333333
2012-02-10,12103.083333333334,8400.333333333334,3299.4583333333335,6238.958333333333
2012-02-11,11810.791666666666,8063.583333333333,3331.4166666666665,6171.666666666667
2012-02-12,10953.125,7863.958333333333,3251.2083333333335,6656.583333333333
2012-02-13,12144.791666666666,8567.958333333334,3401.9583333333335,6580.958333333333
2012-02-14,11973.25,8430.25,3313.7083333333335,6103.916666666667
2012-02-15,11632.833333333334,8224.75,3117.9166666666665,5855.916666666667
2012-02-16,11320.541666666666,8130.291666666667,3045.9166666666665,5939.375
2012-02-17,11282.75,7927.083333333333,3002.0416666666665,5599.875
2012-02-18,10285.458333333334,7258.166666666667,2829.7916666666665,5407.666666666667
2012-02-19,9938.708333333334,7176.333333333333,2935.5416666666665,5428.125
2012-02-20,11250.833333333334,8112.416666666667,3199.5833333333335,5984.75
2012-02-21,11586.25,8310.583333333334,3102.1666666666665,6126.958333333333
2012-02-22,11377.125,7848.5,2930.5416666666665,5481.041666666667
2012-02-23,11592.75,8005.041666666667,2936.4583333333335,5266.041666666667
2012-02-24,11692.75,8000.666666666667,3035.125,5426.541666666667
2012-02-25,10885.958333333334,7672.083333333333,3050.625,5772.916666666667
2012-02-26,10164.958333333334,7105.25,2910.4583333333335,5490.541666666667
2012-02-27,11335.208333333334,7882.416666666667,2930.4583333333335,5742.25
2012-02-28,11649.833333333334,8102.625,2966.5833333333335,5618.166666666667
2012-02-29,11122.875,7953.375,2820.2083333333335,5756.25
2012-03-01,11414.708333333334,7995.041666666667,2837.5416666666665,5453.666666666667
2012-03-02,11433.583333333334,7923.708333333333,2914.5416666666665,5660.166666666667
2012-03-03,10704.333333333334,7387.25,2800.0416666666665,5009.791666666667
2012-03-04,10139.208333333334,7221.75,2909.4583333333335,5361.75
2012-03-05,11516.333333333334,8378.75,3213.125,6267.583333333333
2012-03-06,11107.708333333334,8321.666666666666,3085.7916666666665,6153.458333333333
2012-03-07,10635.5,7610.083333333333,2797.875,5469.583333333333
2012-03-08,10758.833333333334,7618.75,2818.25,5080.333333333333
2012-03-09,11120.291666666666,7871.958333333333,2916.8333333333335,5355.708333333333
2012-03-10,10023.5,7051.458333333333,2736.2083333333335,5313.75
2012-03-11,9054.91304347826,6288.391304347826,2560.6521739130435,4920.739130434783
2012-03-12,10339.291666666666,7256.625,2730.8333333333335,5129.75
2012-03-13,10352.083333333334,7210.416666666667,2706.5416666666665,4911.666666666667
2012-03-14,10631.666666666666,7284.125,2718.2916666666665,4875.458333333333
2012-03-15,10956.291666666666,7176.75,2775.5,4861.916666666667
2012-03-16,10616.291666666666,7103.625,2686.4583333333335,4692.791666666667
2012-03-17,9761.0,6346.25,2477.0,4286.125
2012-03-18,9325.375,6031.208333333333,2445.25,4089.4583333333335
2012-03-19,10916.5,7203.333333333333,2878.375,4760.666666666667
2012-03-20,11460.708333333334,7536.125,2978.25,4861.166666666667
2012-03-21,11839.416666666666,7659.291666666667,3069.0,4867.416666666667
2012-03-22,11628.958333333334,7611.416666666667,3075.25,4960.25
2012-03-23,10707.166666666666,7355.583333333333,2808.375,4861.875
2012-03-24,9186.875,6381.208333333333,2385.5833333333335,4331.5
2012-03-25,8662.833333333334,5973.125,2299.625,4147.583333333333
2012-03-26,10179.25,7232.833333333333,2593.6666666666665,4813.208333333333
2012-03-27,10463.75,7615.458333333333,2709.25,5360.5
2012-03-28,10202.041666666666,7286.041666666667,2714.2083333333335,5068.875
2012-03-29,10144.625,7279.458333333333,2656.9166666666665,4842.166666666667
2012-03-30,10269.958333333334,7337.125,2676.125,5039.416666666667
2012-03-31,9440.416666666666,6767.375,2408.25,4622.375
2012-04-01,8772.666666666666,6284.833333333333,2404.0416666666665,3018.0416666666665
2012-04-02,10049.25,7280.291666666667,2611.4583333333335,4657.083333333333
2012-04-03,10211.666666666666,7414.5,2748.875,4940.75
2012-04-04,10165.833333333334,7194.916666666667,2744.7083333333335,4858.25
2012-04-05,10274.125,7287.708333333333,2587.5,4838.458333333333
2012-04-06,9725.375,6651.125,2517.0,4765.291666666667
2012-04-07,8944.333333333334,6179.625,2366.9166666666665,4496.25
2012-04-08,8249.541666666666,5771.25,2200.2916666666665,4191.666666666667
2012-04-09,9865.416666666666,7030.25,2556.2916666666665,4852.583333333333
2012-04-10,10437.0,7632.666666666667,2657.625,5087.416666666667
2012-04-11,10553.0,7700.416666666667,2815.7916666666665,5418.5
2012-04-12,10448.333333333334,7463.666666666667,2788.0833333333335,5264.25
2012-04-13,10241.333333333334,7265.875,2689.125,4963.166666666667
2012-04-14,9257.375,6584.166666666667,2473.9166666666665,4424.25
2012-04-15,9000.833333333334,6073.708333333333,2421.875,4261.291666666667
2012-04-16,10147.875,7259.625,2778.7916666666665,5103.625
2012-04-17,10220.791666666666,7147.166666666667,2645.0833333333335,4835.416666666667
2012-04-18,10442.666666666666,7288.916666666667,2678.7916666666665,4813.291666666667
2012-04-19,10269.25,7206.25,2722.125,4869.666666666667
2012-04-20,10410.625,7152.708333333333,2666.875,4744.625
2012-04-21,9280.416666666666,6501.875,2409.0833333333335,4277.083333333333
2012-04-22,8774.5,6388.583333333333,2448.875,4428.75
2012-04-23,10212.166666666666,7464.458333333333,2707.4166666666665,5466.208333333333
2012-04-24,10277.375,7452.916666666667,2709.5416666666665,5053.791666666667
2012-04-25,10289.5,7276.333333333333,2710.2916666666665,5081.708333333333
2012-04-26,10162.958333333334,7331.208333333333,2713.375,4876.708333333333
2012-04-27,10286.125,7291.25,2621.1666666666665,4851.708333333333
2012-04-28,9430.708333333334,6781.0,2510.2916666666665,4783.416666666667
2012-04-29,8799.875,6216.916666666667,2416.0833333333335,4432.333333333333
2012-04-30,10191.875,7229.916666666667,2820.4166666666665,4932.541666666667
2012-05-01,10264.708333333334,7304.833333333333,2893.75,4998.0
2012-05-02,10778.416666666666,7754.208333333333,3180.4166666666665,5161.625
2012-05-03,12154.0,8571.666666666666,3416.4166666666665,5485.583333333333
2012-05-04,11376.125,8166.25,3211.375,5330.666666666667
2012-05-05,9112.75,6588.375,2839.0,4710.416666666667
2012-05-06,8760.041666666666,6063.291666666667,2813.9166666666665,4475.916666666667
2012-05-07,10208.708333333334,7353.541666666667,3254.25,5110.375
2012-05-08,10431.5,7443.333333333333,2963.4166666666665,5027.833333333333
2012-05-09,10164.5,7272.916666666667,2754.0,4880.75
2012-05-10,10291.083333333334,7159.416666666667,2668.7083333333335,4765.875
2012-05-11,10450.958333333334,7221.041666666667,2658.3333333333335,4774.166666666667
2012-05-12,9190.0,6324.458333333333,2465.7916666666665,4328.625
2012-05-13,8463.5,5948.458333333333,2418.6666666666665,4230.958333333333
2012-05-14,10393.458333333334,7292.708333333333,2791.375,4839.0
2012-05-15,11289.666666666666,7598.333333333333,2919.0833333333335,4997.333333333333
2012-05-16,10471.041666666666,7277.125,2968.625,5095.166666666667
2012-05-17,10474.041666666666,7181.708333333333,2763.1666666666665,4889.416666666667
2012-05-18,10917.125,7264.291666666667,2798.0416666666665,4834.25
2012-05-19,11292.958333333334,6760.083333333333,2824.9166666666665,4553.708333333333
2012-05-20,11973.583333333334,6955.375,3005.4583333333335,4654.041666666667
2012-05-21,10918.583333333334,8321.083333333334,3271.0,5225.041666666667
2012-05-22,10629.666666666666,7610.541666666667,2954.2083333333335,5292.958333333333
2012-05-23,11051.541666666666,7782.666666666667,3087.875,5336.708333333333
2012-05-24,12813.875,8488.666666666666,3316.25,5452.416666666667
2012-05-25,12769.875,9019.833333333334,3495.5416666666665,5715.166666666667
2012-05-26,10441.125,7645.25,3476.0833333333335,5528.125
2012-05-27,12400.208333333334,7331.708333333333,3487.25,5410.708333333333
2012-05-28,13782.666666666666,8254.541666666666,3615.8333333333335,5633.958333333333
2012-05-29,13404.25,9053.083333333334,3518.6666666666665,6111.083333333333
2012-05-30,11045.041666666666,8159.333333333333,3344.0,5747.833333333333
2012-05-31,10337.166666666666,7557.666666666667,3111.4166666666665,5455.583333333333
2012-06-01,10126.25,7267.375,2827.0,5065.625
2012-06-02,9351.25,6237.541666666667,2445.6666666666665,4391.916666666667
2012-06-03,9403.125,6101.041666666667,2544.1666666666665,4262.708333333333
2012-06-04,11171.958333333334,7265.166666666667,3062.875,4808.333333333333
2012-06-05,10922.708333333334,7143.5,2829.9166666666665,4766.375
2012-06-06,11032.625,7257.333333333333,2847.9583333333335,4872.666666666667
2012-06-07,11429.583333333334,7611.208333333333,3008.0,4988.541666666667
2012-06-08,12521.583333333334,7869.125,3151.4166666666665,5083.583333333333
2012-06-09,12877.833333333334,7613.875,3061.8333333333335,4956.041666666667
2012-06-10,13140.416666666666,7965.791666666667,3141.0416666666665,5204.291666666667
2012-06-11,15121.458333333334,8715.791666666666,3388.5,5670.333333333333
2012-06-12,12784.25,9019.458333333334,3577.0,5760.458333333333
2012-06-13,11233.291666666666,7633.958333333333,3152.9166666666665,5353.833333333333
2012-06-14,12020.833333333334,7715.166666666667,3106.6666666666665,5313.375
2012-06-15,13820.958333333334,8455.375,3425.5416666666665,5387.75
2012-06-16,13845.75,8092.375,3516.5416666666665,4935.916666666667
2012-06-17,12755.833333333334,7401.166666666667,3284.7916666666665,4711.416666666667
2012-06-18,15914.0,8852.5,3755.7916666666665,5363.041666666667
2012-06-19,17402.75,9968.666666666666,3912.875,6103.875
2012-06-20,17394.166666666668,10402.625,4007.2083333333335,6609.333333333333
2012-06-21,15270.166666666666,10444.625,4069.25,6809.25
2012-06-22,13587.041666666666,9220.125,3780.6666666666665,6306.666666666667
2012-06-23,12456.958333333334,7638.125,3341.8333333333335,5338.333333333333
2012-06-24,12693.541666666666,7377.958333333333,3452.4583333333335,5189.958333333333
2012-06-25,12451.666666666666,8085.208333333333,3683.75,5435.416666666667
2012-06-26,12430.833333333334,7761.75,3144.8333333333335,4894.0
2012-06-27,14179.625,8407.875,3405.5416666666665,5281.25
2012-06-28,17620.666666666668,9976.458333333334,4013.6666666666665,5982.208333333333
2012-06-29,15896.958333333334,10653.125,4113.0,6675.125
2012-06-30,14385.625,8371.833333333334,3525.0416666666665,4695.75
2012-07-01,13906.666666666666,8666.958333333334,3563.375,5379.958333333333
2012-07-02,16766.583333333332,9499.583333333334,3800.625,5870.0
2012-07-03,17821.083333333332,9179.416666666666,4114.458333333333,5855.625
2012-07-04,17263.416666666668,9227.166666666666,4011.0,5672.875
2012-07-05,18769.333333333332,9386.458333333334,4343.666666666667,6309.416666666667
2012-07-06,19733.208333333332,10385.166666666666,4344.125,6619.083333333333
2012-07-07,17183.583333333332,10274.083333333334,4380.791666666667,6565.5
2012-07-08,12999.875,8723.291666666666,4127.208333333333,6300.166666666667
2012-07-09,14567.333333333334,8991.958333333334,3886.0833333333335,6202.708333333333
2012-07-10,14103.833333333334,8999.25,3836.8333333333335,6037.5
2012-07-11,14267.541666666666,8882.5,3899.0833333333335,6011.75
2012-07-12,15073.458333333334,9390.958333333334,3893.6666666666665,6072.291666666667
2012-07-13,15394.833333333334,9457.166666666666,3700.4166666666665,5521.916666666667
2012-07-14,14133.958333333334,8003.291666666667,3355.8333333333335,5250.541666666667
2012-07-15,14570.875,8519.75,3396.875,5530.5
2012-07-16,17712.458333333332,10318.916666666666,4130.208333333333,6408.583333333333
2012-07-17,19144.208333333332,11117.125,4427.125,6778.583333333333
2012-07-18,18027.833333333332,10968.333333333334,4085.375,6636.625
2012-07-19,15444.916666666666,9518.333333333334,3675.0,6209.166666666667
2012-07-20,14142.958333333334,8288.458333333334,3497.0416666666665,5549.625
2012-07-21,13449.708333333334,7536.041666666667,3161.2916666666665,4742.083333333333
2012-07-22,13584.833333333334,8297.25,3428.75,5051.75
2012-07-23,17446.458333333332,10267.541666666666,4136.166666666667,6037.333333333333
2012-07-24,15994.5,10253.958333333334,4026.1666666666665,6359.166666666667
2012-07-25,16788.291666666668,9186.75,4139.791666666667,5908.041666666667
2012-07-26,16607.5,10294.291666666666,4391.291666666667,6453.708333333333
2012-07-27,14453.625,9544.166666666666,3947.9166666666665,6106.75
2012-07-28,12936.541666666666,7817.583333333333,3188.1666666666665,5417.0
2012-07-29,12154.375,7555.125,3211.0833333333335,5338.208333333333
2012-07-30,15742.583333333334,9076.375,3725.3333333333335,5972.875
2012-07-31,15989.791666666666,9665.25,3841.25,6064.291666666667
2012-08-01,15465.0,9597.208333333334,3997.4166666666665,5987.708333333333
2012-08-02,15876.458333333334,9370.208333333334,4007.625,6272.583333333333
2012-08-03,16571.625,10068.375,3846.875,6334.75
2012-08-04,15118.125,9557.416666666666,3839.4583333333335,6113.125
2012-08-05,12536.5,8492.5,3685.25,5689.125
2012-08-06,13786.833333333334,8817.458333333334,3660.875,6172.041666666667
2012-08-07,15094.458333333334,8942.916666666666,3752.4166666666665,6066.666666666667
2012-08-08,14874.625,9420.75,4098.708333333333,6278.875
2012-08-09,12762.041666666666,8855.041666666666,3823.4583333333335,6254.041666666667
2012-08-10,11624.208333333334,8028.791666666667,3238.25,5830.666666666667
2012-08-11,10413.708333333334,6542.291666666667,2716.5833333333335,5003.416666666667
2012-08-12,9859.0,6609.75,2794.125,4878.583333333333
2012-08-13,11303.291666666666,8069.333333333333,3241.9583333333335,5600.041666666667
2012-08-14,12071.708333333334,8061.583333333333,3274.5416666666665,5806.5
2012-08-15,13204.708333333334,8240.5,3449.4583333333335,5671.25
2012-08-16,12729.416666666666,8599.458333333334,3569.5833333333335,5751.291666666667
2012-08-17,11463.666666666666,8270.583333333334,3360.4583333333335,5446.25
2012-08-18,10285.875,6815.541666666667,2888.625,4937.041666666667
2012-08-19,9983.916666666666,6409.791666666667,2832.6666666666665,4536.541666666667
2012-08-20,11534.375,7614.625,3082.0833333333335,5278.708333333333
2012-08-21,11814.375,7686.375,3147.5,5290.375
2012-08-22,12401.625,7927.416666666667,3239.5833333333335,5493.041666666667
2012-08-23,13981.666666666666,8358.083333333334,3411.4166666666665,5637.708333333333
2012-08-24,15204.041666666666,8795.75,3579.0,5690.166666666667
2012-08-25,14434.041666666666,8403.208333333334,3530.375,5197.25
2012-08-26,12146.0,8070.333333333333,3516.6666666666665,5034.083333333333
2012-08-27,14065.916666666666,8619.875,3738.0833333333335,5941.583333333333
2012-08-28,13945.708333333334,8764.791666666666,3655.2916666666665,6173.416666666667
2012-08-29,14002.083333333334,8126.5,3525.75,5635.208333333333
2012-08-30,14905.958333333334,8186.041666666667,3504.9166666666665,5576.583333333333
2012-08-31,15610.458333333334,9003.583333333334,3746.1666666666665,5851.541666666667
2012-09-01,12183.75,8239.083333333334,3623.3333333333335,5609.916666666667
2012-09-02,11955.333333333334,7390.625,3304.75,5163.041666666667
2012-09-03,13361.375,7993.708333333333,3065.7916666666665,5400.916666666667
2012-09-04,15763.708333333334,8850.291666666666,3660.125,6098.541666666667
2012-09-05,14164.333333333334,8962.333333333334,3731.7083333333335,6422.583333333333
2012-09-06,14458.125,9271.958333333334,3538.0416666666665,6328.333333333333
2012-09-07,12764.666666666666,8704.125,3692.875,6168.25
2012-09-08,10041.25,6917.333333333333,2889.125,5021.916666666667
2012-09-09,9352.208333333334,6162.125,2575.5833333333335,4360.083333333333
2012-09-10,11019.208333333334,7234.791666666667,2886.4583333333335,4760.958333333333
2012-09-11,11881.833333333334,7445.708333333333,2919.875,4892.333333333333
2012-09-12,12977.0,7771.083333333333,3051.5833333333335,5077.708333333333
2012-09-13,11693.875,8119.041666666667,3307.9166666666665,5204.25
2012-09-14,10871.0,7538.5,2938.7916666666665,5167.708333333333
2012-09-15,9954.958333333334,6328.0,2470.9583333333335,4435.625
2012-09-16,9429.125,6088.833333333333,2490.75,4201.083333333333
2012-09-17,11173.833333333334,7234.75,2848.3333333333335,4870.125
2012-09-18,10454.833333333334,7352.083333333333,2830.4166666666665,5092.25
2012-09-19,10429.625,6965.958333333333,2631.9166666666665,4768.916666666667
2012-09-20,10576.416666666666,7121.083333333333,2671.8333333333335,4762.125
2012-09-21,10250.208333333334,7108.75,2653.2083333333335,4838.041666666667
2012-09-22,9147.666666666666,6255.958333333333,2455.9166666666665,4472.125
2012-09-23,8647.875,5961.791666666667,2287.0416666666665,3824.2083333333335
2012-09-24,10192.833333333334,7031.458333333333,2582.5,4632.833333333333
2012-09-25,10676.208333333334,7220.916666666667,2659.7916666666665,4770.416666666667
2012-09-26,10707.5,7305.416666666667,2779.9166666666665,4855.958333333333
2012-09-27,10394.75,7076.541666666667,2844.9583333333335,4935.791666666667
2012-09-28,10302.166666666666,6922.208333333333,2690.4166666666665,4760.166666666667
2012-09-29,9312.583333333334,6088.333333333333,2456.125,4191.666666666667
2012-09-30,8741.958333333334,5867.041666666667,2348.0833333333335,4120.333333333333
2012-10-01,10179.166666666666,6951.333333333333,2604.2916666666665,4722.041666666667
2012-10-02,10515.125,7164.875,2731.25,4906.291666666667
2012-10-03,10760.0,7274.166666666667,2765.6666666666665,5107.291666666667
2012-10-04,10768.083333333334,7248.708333333333,2803.4166666666665,5048.0
2012-10-05,10256.458333333334,7069.333333333333,2760.4583333333335,4877.25
2012-10-06,9463.875,6223.541666666667,2343.2916666666665,4289.25
2012-10-07,8914.75,6209.125,2357.125,4290.333333333333
2012-10-08,10383.041666666666,7298.416666666667,2766.2083333333335,5288.208333333333
2012-10-09,10542.458333333334,7341.833333333333,2726.1666666666665,5084.333333333333
2012-10-10,10587.958333333334,7282.0,2739.625,4972.333333333333
2012-10-11,10683.375,7360.916666666667,2839.0416666666665,5035.583333333333
2012-10-12,10375.625,7144.75,2663.8333333333335,4996.875
2012-10-13,9615.541666666666,6474.625,2458.5,4703.958333333333
2012-10-14,9088.458333333334,6014.208333333333,2353.8333333333335,4263.666666666667
2012-10-15,10214.041666666666,7015.458333333333,2616.625,4711.75
2012-10-16,10569.541666666666,7257.666666666667,2687.4583333333335,4880.083333333333
2012-10-17,10617.875,7278.041666666667,2713.125,5037.208333333333
2012-10-18,10471.083333333334,7211.375,2671.375,4924.666666666667
2012-10-19,10451.041666666666,7171.583333333333,2691.25,4728.083333333333
2012-10-20,9390.375,6443.0,2513.6666666666665,4364.208333333333
2012-10-21,8896.458333333334,6125.875,2442.6666666666665,4345.291666666667
2012-10-22,10438.333333333334,7276.833333333333,2730.2083333333335,4914.333333333333
2012-10-23,10723.833333333334,7318.166666666667,2785.7083333333335,4847.5
2012-10-24,10998.958333333334,7386.75,2864.125,4797.083333333333
2012-10-25,11059.208333333334,7375.833333333333,2810.125,4803.666666666667
2012-10-26,10368.166666666666,7138.5,2665.375,4690.833333333333
2012-10-27,9597.875,6508.416666666667,2523.0,4253.666666666667
2012-10-28,9228.0,6498.125,2487.5,4379.583333333333
2012-10-29,10634.708333333334,7734.625,2935.4166666666665,5268.541666666667
2012-10-30,10992.583333333334,7548.125,3044.9166666666665,5150.541666666667
2012-10-31,10901.666666666666,7678.916666666667,3014.5,5294.25
2012-11-01,10882.75,7762.458333333333,2946.2916666666665,5289.541666666667
2012-11-02,10703.916666666666,7751.041666666667,2817.7083333333335,5428.458333333333
2012-11-03,9858.541666666666,6995.833333333333,2799.2083333333335,5125.583333333333
2012-11-04,9421.391304347826,6945.217391304348,2675.304347826087,4981.304347826087
2012-11-05,10958.041666666666,7904.625,2997.7916666666665,5538.75
2012-11-06,11283.208333333334,7752.25,3003.1666666666665,5822.0
2012-11-07,11119.041666666666,7846.541666666667,2908.7083333333335,5963.166666666667
2012-11-08,11001.791666666666,7822.666666666667,2924.375,5835.333333333333
2012-11-09,10791.625,7495.791666666667,2867.125,5606.375
2012-11-10,9646.708333333334,6416.541666666667,2479.5833333333335,4961.791666666667
2012-11-11,9110.166666666666,6010.25,2320.6666666666665,4626.916666666667
2012-11-12,10975.0,7230.041666666667,2777.5,5012.666666666667
2012-11-13,11428.208333333334,7914.208333333333,3045.5833333333335,5551.875
2012-11-14,11329.208333333334,7978.083333333333,3133.25,5963.75
2012-11-15,11243.25,7942.916666666667,3107.7083333333335,6044.583333333333
2012-11-16,10948.541666666666,7666.916666666667,3024.75,5704.708333333333
2012-11-17,9968.75,6948.25,2763.75,5273.5
2012-11-18,9478.25,6684.208333333333,2672.9583333333335,5077.791666666667
2012-11-19,10721.041666666666,7678.666666666667,2917.4166666666665,5445.458333333333
2012-11-20,10781.208333333334,7660.375,2857.0833333333335,5562.75
2012-11-21,10736.791666666666,7366.333333333333,2748.2083333333335,5481.583333333333
2012-11-22,8697.041666666666,6005.75,2381.0,4839.083333333333
2012-11-23,9783.791666666666,6361.625,2444.875,4874.583333333333
2012-11-24,10231.875,6973.166666666667,2838.7916666666665,5424.791666666667
2012-11-25,9956.333333333334,6938.458333333333,2847.25,5515.625
2012-11-26,11576.125,7908.208333333333,2978.7916666666665,5644.458333333333
2012-11-27,11971.666666666666,8182.208333333333,3084.3333333333335,5895.875
2012-11-28,11682.291666666666,8220.541666666666,3216.5833333333335,6005.708333333333
2012-11-29,11418.125,8146.25,3231.875,6142.125
2012-11-30,10974.083333333334,7846.5,3016.4166666666665,5906.25
2012-12-01,10141.583333333334,6985.958333333333,2682.0,5299.958333333333
2012-12-02,9307.0,6650.958333333333,2607.7916666666665,5074.791666666667
2012-12-03,10884.416666666666,7450.375,2818.4166666666665,5137.416666666667
2012-12-04,10785.625,7586.5,2804.5833333333335,5135.041666666667
2012-12-05,11429.708333333334,8100.791666666667,2963.9166666666665,5399.333333333333
2012-12-06,11638.375,8199.958333333334,3116.375,6022.916666666667
2012-12-07,11282.333333333334,7855.458333333333,2915.0,5789.625
2012-12-08,10528.208333333334,7058.333333333333,2650.5,5036.875
2012-12-09,10309.75,6999.25,2614.7916666666665,4985.541666666667
2012-12-10,11820.291666666666,7910.875,3007.0416666666665,5452.166666666667
2012-12-11,12027.625,8411.666666666666,3315.6666666666665,5852.666666666667
2012-12-12,11926.541666666666,8406.291666666666,3359.25,6193.0
2012-12-13,11723.125,8354.625,3323.4166666666665,6326.541666666667
2012-12-14,11465.166666666666,8082.708333333333,3177.125,6121.958333333333
2012-12-15,10706.083333333334,7435.416666666667,2869.8333333333335,5561.041666666667
2012-12-16,9980.583333333334,6630.75,2599.375,5079.041666666667
2012-12-17,11455.458333333334,7720.0,2948.6666666666665,5521.666666666667
2012-12-18,11861.708333333334,8045.208333333333,3113.3333333333335,5651.375
2012-12-19,11781.458333333334,8032.791666666667,3114.0416666666665,5866.791666666667
2012-12-20,11899.166666666666,8188.083333333333,3134.0833333333335,6023.666666666667
2012-12-21,12166.458333333334,8303.5,3462.0416666666665,6193.583333333333
2012-12-22,11263.291666666666,7605.166666666667,3129.4166666666665,6025.625
2012-12-23,10686.458333333334,7243.0,2906.7083333333335,5691.583333333333
2012-12-24,10714.25,7133.416666666667,2837.7916666666665,5757.125
2012-12-25,10152.708333333334,6632.541666666667,2802.9166666666665,5238.916666666667
2012-12-26,11559.416666666666,7803.916666666667,3231.875,6125.208333333333
2012-12-27,11687.833333333334,7996.375,3296.0416666666665,6254.041666666667
2012-12-28,11543.625,7924.666666666667,3242.0,6075.541666666667
2012-12-29,10911.916666666666,7468.833333333333,3106.125,5995.041666666667
2012-12-30,10748.75,7393.041666666667,3068.7916666666665,5966.0
2012-12-31,10942.708333333334,7522.5,3148.0416666666665,6201.833333333333
2013-01-01,10596.875,7077.541666666667,2955.4583333333335,5700.916666666667
2013-01-02,12209.333333333334,8559.666666666666,3354.2916666666665,6451.791666666667
2013-01-03,12428.5,8904.375,3444.625,6769.458333333333
2013-01-04,12394.75,8555.75,3263.7916666666665,6577.458333333333
2013-01-05,11283.416666666666,7726.75,3094.9583333333335,6045.166666666667
2013-01-06,10633.166666666666,7347.166666666667,2960.7916666666665,5678.291666666667
2013-01-07,12089.5,8307.083333333334,3267.75,6236.541666666667
2013-01-08,11868.791666666666,8397.291666666666,3220.0833333333335,6447.583333333333
2013-01-09,11576.291666666666,8111.666666666667,3033.8333333333335,6382.25
2013-01-10,11793.875,8232.208333333334,3231.2083333333335,6009.666666666667
2013-01-11,11186.125,7848.791666666667,2878.375,5865.666666666667
2013-01-12,10161.0,6725.375,2592.375,5051.583333333333
2013-01-13,10639.541666666666,6478.041666666667,2528.5833333333335,4793.333333333333
2013-01-14,12442.583333333334,8153.75,3293.625,5430.0
2013-01-15,12411.958333333334,8487.333333333334,3443.7916666666665,6079.166666666667
2013-01-16,12336.625,8387.0,3352.75,6295.541666666667
2013-01-17,12024.833333333334,8345.208333333334,3258.625,6224.083333333333
2013-01-18,12102.916666666666,8433.458333333334,3313.4583333333335,6405.083333333333
2013-01-19,10595.291666666666,7187.791666666667,2848.875,5725.958333333333
2013-01-20,11012.625,7181.916666666667,2836.25,5309.541666666667
2013-01-21,12920.458333333334,8653.291666666666,3488.5833333333335,6592.791666666667
2013-01-22,13570.0,9410.0,3890.5833333333335,7592.666666666667
2013-01-23,13379.083333333334,9407.666666666666,3853.0833333333335,7729.458333333333
2013-01-24,13271.333333333334,9125.125,3737.4583333333335,7497.75
2013-01-25,12773.375,9138.208333333334,3693.0,7621.458333333333
2013-01-26,11508.333333333334,8109.791666666667,3316.7083333333335,6669.958333333333
2013-01-27,11068.291666666666,7775.125,3252.5416666666665,6228.666666666667
2013-01-28,11437.041666666666,8319.916666666666,3142.75,6424.875
2013-01-29,11197.333333333334,7852.625,2859.875,5501.208333333333
2013-01-30,11633.583333333334,7592.125,2872.0,5319.666666666667
2013-01-31,12965.291666666666,8700.125,3458.25,6178.833333333333
2013-02-01,13418.583333333334,9107.166666666666,3810.6666666666665,7123.458333333333
2013-02-02,12063.083333333334,8358.541666666666,3476.7916666666665,7098.791666666667
2013-02-03,11492.208333333334,7817.875,3309.1666666666665,6411.333333333333
2013-02-04,12447.916666666666,8844.25,3595.875,6884.541666666667
2013-02-05,12588.5,8706.625,3345.9583333333335,6597.625
2013-02-06,12090.25,8567.958333333334,3304.75,6481.125
2013-02-07,12121.125,8458.0,3119.0,6648.25
2013-02-08,12189.208333333334,8504.833333333334,3135.2083333333335,6428.083333333333
2013-02-09,11031.041666666666,7772.458333333333,3043.6666666666665,6232.625
2013-02-10,10474.208333333334,7332.416666666667,2910.875,6023.166666666667
2013-02-11,11897.708333333334,8005.75,2947.9583333333335,5763.75
2013-02-12,12154.916666666666,8424.0,3058.5,5780.125
2013-02-13,11762.541666666666,8460.5,3278.25,6284.375
2013-02-14,11699.833333333334,8418.25,3191.7083333333335,6093.25
2013-02-15,11707.583333333334,8224.25,3148.5833333333335,5999.375
2013-02-16,11443.666666666666,7692.291666666667,3224.5,5981.958333333333
2013-02-17,10964.875,7686.041666666667,3179.125,6497.458333333333
2013-02-18,11617.125,8529.666666666666,3209.7083333333335,6775.833333333333
2013-02-19,12750.291666666666,8644.875,3312.4583333333335,6312.833333333333
2013-02-20,12630.263157894737,8960.263157894737,3468.2105263157896,6783.0
